{
  "HomepageSlider": {
    "Banner": [
      {
        "Name": "homepageSlider1",
        "Sequence": "1",
        "ImgUrl": "https://www.dropbox.com/s/4543l0wm99bexn0/Yingli_Brazil_houses_750_500_80_s.jpg?dl=0"
      },
      {
        "Name": "homepageSlider2",
        "Sequence": "2",
        "ImgUrl": "https://www.dropbox.com/s/hqqhrn61oaxfu9l/favela_salvador.jpg?dl=0"
      },
      {
        "Name": "homepageSlider3",
        "Sequence": "3",
        "ImgUrl": "https://www.dropbox.com/s/yym1hifhli824t9/India_MNRE_rural_off-grid_solar_distributed_750_485_s.png?dl=0"
      }
    ]
  },
  "ProjectSection": {
    "Project_Info": {
      "Logo": "https://www.dropbox.com/s/p8jwjekd3yqnhww/84903_2953122_363974_image.jpg?dl=0",
      "Title": "Powering Bahia",
      "Username": "@Username",
      "OrganisationName": "InSolar Foundation",
      "OrganisationURL": "https://via.placeholder.com/30X30"
    },
    "Rating_Info": {
       "Star": "4.5",
      "Total": "38"
    },
    "Social_Network": {
      "Facebook": "https://www.facebook.com/",
      "Tweeter": "https://twitter.com/login",
      "Instagram": "https://instagram.com//",
      "LinkedIn": "https://in.linkedin.com/"
    },
     "Location": "Bahia, Brazil",
    "TotalInsight": "38",
    "TotalFollower": 124,
    "FollowerLink": "http://www.clipbots.com/impact-network/uploads/"
  },
  "Overview": {
    "OverviewInfo": {
      "Overview_Title": "Developing  Power  expects  to  electrify  91,000  households  over  15  years,  resulting  in  a  net  present  value  of  $93  million  in  social  benefits.  And  for  every  $1  invested  in  a  Developing  Power  project  there  is  an  average  of  $3.2  in  social  benefits. ",
      "Overview_Insights": "3"
    },
    "TimelineInfo": [
       {
        "Label": "100 Households",
        "Icon": "green",
        "Date": " 1st Jan 2017",
        "Type": "success"
      },
      {
        "Label": "1200 Households",
        "Icon": "green",
        "Date": "1st Jan 2018",
        "Type": "success"
      },
      {
        "Label": "23000 Households",
        "Icon": "yellow",
        "Date": "1st Jan 2019",
        "Type": "pending"
      },
      {
        "Label": "4400 Households",
        "Icon": "Text",
        "Date": "1st Jan 2020",
        "Type": "disable"
      }
    ],
    "Outputs_Outcomes_Info": {
      "Listing": [
        {
          "Project_Name": "Good health and well-being for people",
          "Project_Icon": "http://www.clipbots.com/impact-network/uploads/sustainable/yellow/3.png",
          "Project_Insight": "260",
          "Project_Primary_key": "3"
        },
        {
          "Project_Name": "Affordable and clean energy",
          "Project_Icon": "http://www.clipbots.com/impact-network/uploads/sustainable/yellow/7.png",
          "Project_Insight": "280",
          "Project_Primary_key": "7"
        },
        {
          "Project_Name": "Climate action",
          "Project_Icon": "http://www.clipbots.com/impact-network/uploads/sustainable/yellow/13.png",
          "Project_Insight": "290",
          "Project_Primary_key": "13"
        }
      ],
      "Project_Output_Section": [
        {
          "Title": "Lighting for reading studying, and longer business hours (in #of Households)",
          "Quantity": "28000",
          "Project_Foreign_Key": "3",
          "Project_Output_Primary_Key": "B1",
          "Tags": [
            {
              "icons": "https://www.dropbox.com/s/yclb7620r8xvkrp/iris_logo%402x.png?dl=0",
              "label": "IRIS Metric: 1251",
              "popoverinfo": "Text"
            },
            {
              "icons": "https://www.dropbox.com/s/yclb7620r8xvkrp/iris_logo%402x.png?dl=0",
              "label": "GOGLA Metric: 1ai ",
              "popoverinfo": "Text"
            }
          ]
        },
        {
          "Title": "Power for water pumping, refrigeration, entertainment, communications, machinery, electrical devices (in #of Households)",
          "Quantity": "30000",
          "Project_Foreign_Key": "7",
          "Project_Output_Primary_Key": "B2",
          "Tags": [
            {
              "icons": "http://www.clipbots.com/impact-network/uploads/facebook.png",
              "label": "Text",
              "popoverinfo": "Text"
            },
            {
              "icons": "http://www.clipbots.com/impact-network/uploads/twitter.png",
              "label": "Text",
              "popoverinfo": "Text"
            }
          ]
        },
        {
          "Title": "Business skills for local working professionals (in #of Households)",
          "Quantity": "41000",
          "Project_Foreign_Key": "13",
          "Project_Output_Primary_Key": "B3",
          "Tags": [
            {
              "icons": "http://www.clipbots.com/impact-network/uploads/facebook.png",
              "label": "Text",
              "popoverinfo": "Text"
            },
            {
              "icons": "http://www.clipbots.com/impact-network/uploads/twitter.png",
              "label": "Text",
              "popoverinfo": "Text"
            }
          ]
        }
      ],
      "Project_Outcomes_Section": [
        {
          "Title": " Reduction in poverty",
          "Quantity": "--",
          "Project_Foreign_Key": "3",
          "Project_Output_Foregin_Key": "B3",
          "Tags": [
            {
              "icons": "http://www.clipbots.com/impact-network/uploads/facebook.png",
              "label": "Text",
              "popoverinfo": "Text"
            },
            {
              "icons": "http://www.clipbots.com/impact-network/uploads/twitter.png",
              "label": "Text",
              "popoverinfo": "Text"
            }
          ]
        },
        {
          "Title": "Higher education and learning potential",
          "Quantity": "--",
          "Project_Foreign_Key": "3",
          "Project_Output_Foregin_Key": "B1",
          "Tags": [
            {
              "icons": "http://www.clipbots.com/impact-network/uploads/facebook.png",
              "label": "Text",
              "popoverinfo": "Text"
            },
            {
              "icons": "http://www.clipbots.com/impact-network/uploads/twitter.png",
              "label": "Text",
              "popoverinfo": "Text"
            }
          ]
        },
        {
          "Title": " Increased productivity",
          "Quantity": "--",
          "Project_Foreign_Key": "7",
          "Project_Output_Foregin_Key": "B2",
          "Tags": [
            {
              "icons": "http://www.clipbots.com/impact-network/uploads/facebook.png",
              "label": "Text",
              "popoverinfo": "Text"
            },
            {
              "icons": "http://www.clipbots.com/impact-network/uploads/twitter.png",
              "label": "Text",
              "popoverinfo": "Text"
            }
          ]
        },
        {
          "Title": "Improved Health",
          "Quantity": "--",
          "Project_Foreign_Key": "7",
          "Project_Output_Foregin_Key": "B2",
          "Tags": [
            {
              "icons": "http://www.clipbots.com/impact-network/uploads/facebook.png",
              "label": "Text",
              "popoverinfo": "Text"
            },
            {
              "icons": "http://www.clipbots.com/impact-network/uploads/twitter.png",
              "label": "Text",
              "popoverinfo": "Text"
            }
          ]
        },
        {
          "Title": " Access to information",
          "Quantity": "--",
          "Project_Foreign_Key": "13",
          "Project_Output_Foregin_Key": "B2",
          "Tags": [
            {
              "icons": "http://www.clipbots.com/impact-network/uploads/facebook.png",
              "label": "Text",
              "popoverinfo": "Text"
            },
            {
              "icons": "http://www.clipbots.com/impact-network/uploads/twitter.png",
              "label": "Text",
              "popoverinfo": "Text"
            }
          ]
        },
        {
          "Title": " Cleaner environment",
          "Quantity": "--",
          "Project_Foreign_Key": "13",
          "Project_Output_Foregin_Key": "B2",
          "Tags": [
            {
              "icons": "http://www.clipbots.com/impact-network/uploads/facebook.png",
              "label": "Text",
              "popoverinfo": "Text"
            },
            {
              "icons": "http://www.clipbots.com/impact-network/uploads/twitter.png",
              "label": "Text",
              "popoverinfo": "Text"
            }
          ]
        },
        {
          "Title": " Self-sufficiency",
          "Quantity": "--",
          "Project_Foreign_Key": "3",
          "Project_Output_Foregin_Key": "B2",
          "Tags": [
            {
              "icons": "http://www.clipbots.com/impact-network/uploads/facebook.png",
              "label": "Text",
              "popoverinfo": "Text"
            },
            {
              "icons": "http://www.clipbots.com/impact-network/uploads/twitter.png",
              "label": "Text",
              "popoverinfo": "Text"
            }
          ]
        },
        {
          "Title": " Convenience",
          "Quantity": "--",
          "Project_Foreign_Key": "7",
          "Project_Output_Foregin_Key": "B2",
          "Tags": [
            {
              "icons": "http://www.clipbots.com/impact-network/uploads/facebook.png",
              "label": "Text",
              "popoverinfo": "Text"
            },
            {
              "icons": "http://www.clipbots.com/impact-network/uploads/twitter.png",
              "label": "Text",
              "popoverinfo": "Text"
            }
          ]
        },
        {
          "Title": "Empowerment",
          "Quantity": "--",
          "Project_Foreign_Key": "13",
          "Project_Output_Foregin_Key": "B2",
          "Tags": [
            {
              "icons": "http://www.clipbots.com/impact-network/uploads/facebook.png",
              "label": "Text",
              "popoverinfo": "Text"
            },
            {
              "icons": "http://www.clipbots.com/impact-network/uploads/twitter.png",
              "label": "Text",
              "popoverinfo": "Text"
            }
          ]
        }
      ]
    },
    "Gallery": {
      "Gallery_Insight": "220",
      "Images": [
        {
          "Small_Image": "https://www.dropbox.com/s/4543l0wm99bexn0/Yingli_Brazil_houses_750_500_80_s.jpg?dl=0",
          "Big_Image": "https://www.dropbox.com/s/4543l0wm99bexn0/Yingli_Brazil_houses_750_500_80_s.jpg?dl=0",
          "Image_Title": "Houses in Bahia"
        },
        {
          "Small_Image": "https://www.dropbox.com/s/yym1hifhli824t9/India_MNRE_rural_off-grid_solar_distributed_750_485_s.png?dl=0",
          "Big_Image": "https://www.dropbox.com/s/yym1hifhli824t9/India_MNRE_rural_off-grid_solar_distributed_750_485_s.png?dl=0",
          "Image_Title": "Solar Water Pumps"
        }
      ]
    },
    "Partnership_Organizations": [
      {
        "Partnership_Title": "IEEE",
        "Partnership_ImageURL": ""
      },
      {
        "Partnership_Title": "People Centered Internet",
        "Partnership_ImageURL": "http://www.clipbots.com/impact-network/uploads/partnership2.png"
      },
      {
        "Partnership_Title": "Transterra",
        "Partnership_ImageURL": "http://www.clipbots.com/impact-network/uploads/partnership3.png"
      },
      {
        "Partnership_Title": "IMA",
        "Partnership_ImageURL": "http://www.clipbots.com/impact-network/uploads/partnership3.png"
      }
    ],
    "Funding_Information": {
      "Amount": "5,500,000",
      "AmountSign": "$",
      "FundingList": [
        {
          "Label": "Brazil Government's Development Grant",
          "Color": "#00D246",
          "Percentage": "60"
        },
        {
          "Label": "Banco Poplar Debt @ 7.3 p.a",
          "Color": "#0084FF",
          "Percentage": "30"
        },
        {
          "Label": "IEEE Grant - Humanitarian Activities",
          "Color": "#EEBC32",
          "Percentage": "10"
        }
      ]
    },
    "Insight": {
      "Overview": [
        {
          "Author_Image": "http://www.clipbots.com/impact-network/uploads/insightauthor1.png",
          "Author_Name": "Aaron Taylor",
          "Review_Description": "It is a long established fact that a reader will be distracted by the readable content of a page when looking atits layout. The point of using Lorem Ipsum is that it has a more-or-less normal distribution of letters, as opposed to using 'Content here.",
          "Review_Image": "https://www.dropbox.com/s/hqqhrn61oaxfu9l/favela_salvador.jpg?dl=0",
          "Review_Number": "163",
          "Review_Star": "1",
          "Date_Time": "11 jan 2018 - 15:45"
        },
        {
          "Author_Image": "http://www.clipbots.com/impact-network/uploads/insightauthor2.png",
          "Author_Name": "Aaron Taylor 2",
          "Review_Description": "It is a long established fact that a reader will be distracted by the readable content of a page when looking atits layout. The point of using Lorem Ipsum is that it has a more-or-less normal distribution of letters, as opposed to using 'Content here.",
           "Review_Image": "https://www.dropbox.com/s/hqqhrn61oaxfu9l/favela_salvador.jpg?dl=0",
          "Review_Number": "163",
          "Review_Star": "4",
          "Date_Time": "11 jan 2018 - 15:45"
        },
        {
          "Author_Image": "http://www.clipbots.com/impact-network/uploads/insightauthor3.png",
          "Author_Name": "Aaron Taylor 3",
          "Review_Description": "It is a long established fact that a reader will be distracted by the readable content of a page when looking atits layout. The point of using Lorem Ipsum is that it has a more-or-less normal distribution of letters, as opposed to using 'Content here.",
           "Review_Image": "https://www.dropbox.com/s/hqqhrn61oaxfu9l/favela_salvador.jpg?dl=0",
          "Review_Number": "163",
          "Review_Star": "3",
          "Date_Time": "11 jan 2018 - 15:45"
        }
      ],
      "Timeline": [
        {
          "Author_Image": "http://www.clipbots.com/impact-network/uploads/insightauthor1.png",
          "Author_Name": "Aaron Taylor",
          "Review_Description": "It is a long established fact that a reader will be distracted by the readable content of a page when looking atits layout. The point of using Lorem Ipsum is that it has a more-or-less normal distribution of letters, as opposed to using 'Content here.",
           "Review_Image": "https://www.dropbox.com/s/hqqhrn61oaxfu9l/favela_salvador.jpg?dl=0",
          "Review_Number": "163",
          "Review_Star": "2",
          "Date_Time": "11 jan 2018 - 15:45"
        },
        {
          "Author_Image": "http://www.clipbots.com/impact-network/uploads/insightauthor2.png",
          "Author_Name": "Aaron Taylor 2",
          "Review_Description": "It is a long established fact that a reader will be distracted by the readable content of a page when looking atits layout. The point of using Lorem Ipsum is that it has a more-or-less normal distribution of letters, as opposed to using 'Content here.",
           "Review_Image": "https://www.dropbox.com/s/hqqhrn61oaxfu9l/favela_salvador.jpg?dl=0",
          "Review_Number": "163",
          "Review_Star": "5",
          "Date_Time": "11 jan 2018 - 15:45"
        },
        {
          "Author_Image": "http://www.clipbots.com/impact-network/uploads/insightauthor3.png",
          "Author_Name": "Aaron Taylor 3",
          "Review_Description": "It is a long established fact that a reader will be distracted by the readable content of a page when looking atits layout. The point of using Lorem Ipsum is that it has a more-or-less normal distribution of letters, as opposed to using 'Content here.",
           "Review_Image": "https://www.dropbox.com/s/hqqhrn61oaxfu9l/favela_salvador.jpg?dl=0",
          "Review_Number": "163",
          "Review_Star": "4",
          "Date_Time": "11 jan 2018 - 15:45"
        }
      ],
      "Project": [
        {
          "Author_Image": "http://www.clipbots.com/impact-network/uploads/insightauthor1.png",
          "Author_Name": "Aaron Taylor",
          "Review_Description": "It is a long established fact that a reader will be distracted by the readable content of a page when looking atits layout. The point of using Lorem Ipsum is that it has a more-or-less normal distribution of letters, as opposed to using 'Content here.",
           "Review_Image": "https://www.dropbox.com/s/hqqhrn61oaxfu9l/favela_salvador.jpg?dl=0",
          "Review_Number": "163",
          "Review_Star": "4",
          "Date_Time": "11 jan 2018 - 15:45"
        },
        {
          "Author_Image": "http://www.clipbots.com/impact-network/uploads/insightauthor2.png",
          "Author_Name": "Aaron Taylor 2",
          "Review_Description": "It is a long established fact that a reader will be distracted by the readable content of a page when looking atits layout. The point of using Lorem Ipsum is that it has a more-or-less normal distribution of letters, as opposed to using 'Content here.",
          "Review_Image": "https://www.dropbox.com/s/hqqhrn61oaxfu9l/favela_salvador.jpg?dl=0",
          "Review_Number": "163",
          "Review_Star": "2",
          "Date_Time": "11 jan 2018 - 15:45"
        },
        {
          "Author_Image": "http://www.clipbots.com/impact-network/uploads/insightauthor3.png",
          "Author_Name": "Aaron Taylor 3",
          "Review_Description": "It is a long established fact that a reader will be distracted by the readable content of a page when looking atits layout. The point of using Lorem Ipsum is that it has a more-or-less normal distribution of letters, as opposed to using 'Content here.",
           "Review_Image": "https://www.dropbox.com/s/hqqhrn61oaxfu9l/favela_salvador.jpg?dl=0",
          "Review_Number": "163",
          "Review_Star": "3",
          "Date_Time": "11 jan 2018 - 15:45"
        }
      ],
      "Gallery": [
        {
          "Author_Image": "http://www.clipbots.com/impact-network/uploads/insightauthor1.png",
          "Author_Name": "Aaron Taylor",
          "Review_Description": "It is a long established fact that a reader will be distracted by the readable content of a page when looking atits layout. The point of using Lorem Ipsum is that it has a more-or-less normal distribution of letters, as opposed to using 'Content here.",
          "Review_Image": "https://www.dropbox.com/s/hqqhrn61oaxfu9l/favela_salvador.jpg?dl=0",
          "Review_Number": "163",
          "Review_Star": "4",
          "Date_Time": "11 jan 2018 - 15:45"
        },
        {
          "Author_Image": "http://www.clipbots.com/impact-network/uploads/insightauthor2.png",
          "Author_Name": "Aaron Taylor 2",
          "Review_Description": "It is a long established fact that a reader will be distracted by the readable content of a page when looking atits layout. The point of using Lorem Ipsum is that it has a more-or-less normal distribution of letters, as opposed to using 'Content here.",
          "Review_Image": "https://www.dropbox.com/s/hqqhrn61oaxfu9l/favela_salvador.jpg?dl=0",
          "Review_Number": "163",
          "Review_Star": "4",
          "Date_Time": "11 jan 2018 - 15:45"
        },
        {
          "Author_Image": "http://www.clipbots.com/impact-network/uploads/insightauthor3.png",
          "Author_Name": "Aaron Taylor 3",
          "Review_Description": "It is a long established fact that a reader will be distracted by the readable content of a page when looking atits layout. The point of using Lorem Ipsum is that it has a more-or-less normal distribution of letters, as opposed to using 'Content here.",
          "Review_Image": "https://www.dropbox.com/s/hqqhrn61oaxfu9l/favela_salvador.jpg?dl=0",
          "Review_Number": "163",
          "Review_Star": "2",
          "Date_Time": "11 jan 2018 - 15:45"
        }
      ]
    }
  },
  "Theory_of_Change": {
    "Summary_Section": {
      "Summary": "Developing  Power  expects  to  electrify  91,000  households  over  15  years,  resulting  in  a  net  present  value  of  $93  million  in  social  benefits.  And  for  every  $1  invested  in  a  Developing  Power  project  there  is  an  average  of  $3.2  in  social  benefits.",
      "Insight": "800"
    },
    "Summary_Section_Block": {
      "Insight": "800",
      "Input": {
        "Points": [
          "Electricity",
          "Access  to  credit ",
          "Payment  flexibility ",
          "Renewable  energy"
        ]
      },
      "Activities": {
        "Points": [
          "Capacity  building ",
          "Microenterprise  developmen",
          "Training"
        ]
      },
      "IntendentOutput": {
        "Points": [
          "Lighting  for  reading,  studying,  and  longer  business  hours",
          "Power  for  water  pumping,  refrigeration,  entertainment,  communications,  machinery,  electrical  devices"
        ]
      },
      "IntendentOutcomes": {
        "Points": [
          "Reduction  in  poverty",
          "Higher  education  and  earning  potential ",
          "Increased  productivity ",
          "Improved  health",
          "Access  to  information",
          "Cleaner  environment"
        ]
      }
    },
    "Key_Assumptions": {
      "Insight": "800",
      "Points": [
        "The  benefits  assessed  in  the  analysis  are  grouped  into  education  and  earning  potential,  productivity,  the  environment,  communications  and  entertainment,  and  human  health.  To  avoid  double-counting  of  the  benefits  from  access  to  lower-cost  lighting,  it  is  assumed  that  lighting  benefits  are  reflected  in  the  above  measures.",
        "The  estimates  presented  are  for  villages  that  previously  did  not  have  electricity,  where  the  benefits  represent  the  incremental  benefits  of  acquiring  access  to  electricity  compared  to  the  baseline  of  kerosene  and  batteries",
        "The  benefits  are  quantified  for  15  years  because  the  expectation  is  that  the  villages  electrified  through  Developing  Power  will  not  likely  receive  grid  connection  over  that  time  period."
      ]
    },
    "Problem_Statements": {
      "Insight": "770",
      "Points": [
        "Lorem Ipsum is simply dummy text of the printing and typesetting industry. Lorem Ipsum has been the industry's standard dummy text ever since the 1500s, when an unknown printer took a galley of type and scrambled it to make a type specimen book. It has survived not only five centuries, but also the leap into electronic typesetting, remaining essentially unchanged. It was popularised in the 1960s with the release of Letraset sheets containing Lorem Ipsum passages, and more recently with desktop publishing software like Aldus PageMaker including versions of Lorem Ipsum",
        "It is a long established fact that a reader will be distracted by the readable content of a page when looking at its layout. The point of using Lorem Ipsum is that it has a more-or-less normal distribution of letters, as opposed to using 'Content here, content here', making it look like readable English. Many desktop publishing packages and web page editors now use Lorem Ipsum as their default model text, and a search for 'lorem ipsum' will uncover many web sites still in their infancy. Various versions have evolved over the years, sometimes by accident, sometimes on purpose (injected humour and the like).",
        "The  benefits  are  quantified  for  15  years  because  the  expectation  is  that  the  villages  electrified  through  Developing  Power  will  not  likely  receive  grid  connection  over  that  time  period."
      ]
    },
    "Solutions": {
      "Insight": "800",
      "tabs": [
        {
          "Label": "Proposed Solution",
          "Points": [
            {
              "Description": "PI7623   Energy Savings from Products Sold",
              "ImageURL": "https://via.placeholder.com/100X50"
            },
            {
              "Description": "PI1586   Building Area of Energy Efficiency Improvements",
              "ImageURL": "https://via.placeholder.com/100X50"
            },
            {
              "Description": "OI6697  Energy Conserved",
              "ImageURL": "https://via.placeholder.com/100X50"
            }
          ]
        },
        {
          "Label": "Alternative Solutions",
          "Points": [
            {
              "Description": "OI2496  Energy Generated for Use: Renewable",
              "ImageURL": "https://via.placeholder.com/100X50"
            },
            {
              "Description": "OI2092  Climate Resilience Strategy",
              "ImageURL": "https://via.placeholder.com/100X50"
            },
            {
              "Description": "OI1479  Greenhouse Gas Emissions: Total",
              "ImageURL": "https://via.placeholder.com/100X50"
            }
          ]
        }
      ]
    }
  },
  "Milestones": {
    "Listing": [
      {
        "MainTitle": "Project Main Title 1",
        "SubTitle": "Sub-Title 1",
        "Description": "Lorem Ipsum is simply dummy text of the printing and typesetting industry",
        "Date": "12-NOV-2018",
        "DateTimeStamp": "1541961000",
        "StatusLabel": "INPROGRESS",
        "StatusColor": "progressblue",
        "StatusPercentage": "30",
        "Task": [
          "Points 1",
          "Points 2",
          "Points 3",
          "Points 4"
        ],
        "Attachment": [
          {
            "Label": "Title 1",
            "Url": "http://www.clipbots.com/impact-network/uploads/TPS%20Report.docx"
          },
          {
            "Label": "Title 2",
            "Url": "http://www.clipbots.com/impact-network/uploads/TPS%20Report.docx"
          }
        ]
      },
      {
        "MainTitle": "Project Main Title 2",
        "SubTitle": "Sub-Title 2",
        "Description": "It is a long established fact that a reader will be distracted by the readable content of a page when looking at its layout. The point of using",
        "Date": "13-NOV-2018",
        "DateTimeStamp": "1542047400",
        "StatusLabel": "INPROGRESS",
        "StatusColor": "progressblue",
        "StatusPercentage": "50",
        "Task": [
          "Points 1",
          "Points 2"
        ],
        "Attachment": [
          {
            "Label": "Title 1",
            "Url": "http://www.clipbots.com/impact-network/uploads/TPS%20Report.docx"
          },
          {
            "Label": "Title 2",
            "Url": "http://www.clipbots.com/impact-network/uploads/TPS%20Report.docx"
          }
        ]
      },
      {
        "MainTitle": "Project Main Title 3",
        "SubTitle": "Sub-Title 3",
        "Description": "Contrary to popular belief, Lorem Ipsum is not simply random text. It has roots in a piece of classical Latin literature from 45 BC, making",
        "Date": "14-NOV-2018",
        "DateTimeStamp": "1542133800",
        "StatusLabel": "INPROGRESS",
        "StatusColor": "progressblue",
        "StatusPercentage": "48",
        "Task": [
          "Points 1",
          "Points 2",
          "Points 3",
          "Points 4"
        ],
        "Attachment": [
          {
            "Label": "Title 1",
            "Url": "http://www.clipbots.com/impact-network/uploads/TPS%20Report.docx"
          },
          {
            "Label": "Title 2",
            "Url": "http://www.clipbots.com/impact-network/uploads/TPS%20Report.docx"
          }
        ]
      },
      {
        "MainTitle": "Project Main Title 4",
        "SubTitle": "Sub-Title 4",
        "Description": "There are many variations of passages of Lorem Ipsum available, but the majority have suffered alteration in some form, by injected humour",
        "Date": "15-NOV-2018",
        "DateTimeStamp": "1542220200",
        "StatusLabel": "HOLDING",
        "StatusColor": "holdingred",
        "StatusPercentage": "78",
        "Task": [
          "Points 1",
          "Points 2",
          "Points 3"
        ],
        "Attachment": [
          {
            "Label": "Title 1",
            "Url": "http://www.clipbots.com/impact-network/uploads/TPS%20Report.docx"
          },
          {
            "Label": "Title 2",
            "Url": "http://www.clipbots.com/impact-network/uploads/TPS%20Report.docx"
          }
        ]
      },
      {
        "MainTitle": "Project Main Title 5",
        "SubTitle": "Sub-Title 5",
        "Description": "Contrary to popular belief, Lorem Ipsum is not simply random text. It has roots in a piece of classical Latin literature from 45 BC, making",
        "Date": "16-NOV-2018",
        "DateTimeStamp": "1542306600",
        "StatusLabel": "HOLDING",
        "StatusColor": "holdingred",
        "StatusPercentage": "38",
        "Task": [
          "Points 1",
          "Points 2",
          "Points 3",
          "Points 4"
        ],
        "Attachment": [
          "http://www.clipbots.com/impact-network/uploads/TPS%20Report.docx",
          "http://www.clipbots.com/impact-network/uploads/TPS%20Report.docxhttp://www.clipbots.com/impact-network/uploads/TPS%20Report.docx"
        ],
        "StatusIcon": "http://www.clipbots.com/impact-network/uploads/milestonestatusinprogress.png"
      },
      {
        "MainTitle": "Project Main Title 6",
        "SubTitle": "Sub-Title 6",
        "Description": "I must explain to you how all this mistaken idea of denouncing pleasure and praising pain was born and I will give you a complete account of the system, and expound the actual teachings of the great explorer of the truth, the master-builder of human happiness. No one rejects, dislikes",
        "Date": "17-NOV-2018",
        "DateTimeStamp": "1542393000",
        "StatusLabel": "HOLDING",
        "StatusColor": "holdingred",
        "StatusPercentage": "43",
        "Task": [
          "Points 1"
        ],
        "Attachment": [
          {
            "Label": "Title 1",
            "Url": "http://www.clipbots.com/impact-network/uploads/TPS%20Report.docx"
          },
          {
            "Label": "Title 2",
            "Url": "http://www.clipbots.com/impact-network/uploads/TPS%20Report.docx"
          }
        ]
      },
      {
        "MainTitle": "Project Main Title 7",
        "SubTitle": "Sub-Title 7",
        "Description": "On the other hand, we denounce with righteous indignation and dislike men who are so beguiled and demoralized by the charms of pleasure of the mo",
        "Date": "1-NOV-2018",
        "DateTimeStamp": "1541010600",
        "StatusLabel": "FINISHED",
        "StatusColor": "finishedgreen",
        "StatusPercentage": "98",
        "Task": [
          "Points 1",
          "Points 2",
          "Points 3",
          "Points 4"
        ],
        "Attachment": [
          {
            "Label": "Title 1",
            "Url": "http://www.clipbots.com/impact-network/uploads/TPS%20Report.docx"
          },
          {
            "Label": "Title 2",
            "Url": "http://www.clipbots.com/impact-network/uploads/TPS%20Report.docx"
          }
        ]
      },
      {
        "MainTitle": "Project Main Title 8",
        "SubTitle": "Sub-Title 8",
        "Description": "Mauris vel turpis luctus, semper purus eu, lobortis lorem. Nulla ut suscipit velit. Integer ut ante id magna imperdiet commodo a at lorem. ",
        "Date": "19-NOV-2018",
        "DateTimeStamp": "1542565800",
        "StatusLabel": "FINISHED",
        "StatusColor": "finishedgreen",
        "StatusPercentage": "100",
        "Task": [
          "Points 1",
          "Points 2",
          "Points 3",
          "Points 4"
        ],
        "Attachment": [
          {
            "Label": "Title 1",
            "Url": "http://www.clipbots.com/impact-network/uploads/TPS%20Report.docx"
          },
          {
            "Label": "Title 2",
            "Url": "http://www.clipbots.com/impact-network/uploads/TPS%20Report.docx"
          }
        ]
      },
      {
        "MainTitle": "Project Main Title 9",
        "SubTitle": "Sub-Title 9",
        "Description": "Aenean tincidunt dapibus justo, vel pellentesque nisi mattis ac. Integer diam sapien, rhoncus vitae dapibus in, faucibus vel diam. In ",
        "Date": "2-NOV-2018",
        "DateTimeStamp": "1541097000",
        "StatusLabel": "FINISHED",
        "StatusColor": "finishedgreen",
        "StatusPercentage": "100",
        "Task": [
          "Points 1",
          "Points 2"
        ],
        "Attachment": [
          {
            "Label": "Title 1",
            "Url": "http://www.clipbots.com/impact-network/uploads/TPS%20Report.docx"
          },
          {
            "Label": "Title 2",
            "Url": "http://www.clipbots.com/impact-network/uploads/TPS%20Report.docx"
          }
        ]
      }
    ]
  },
  "People_Partnership": {
    "Listing": [
      {
        "Image": "https://www.dropbox.com/s/9g7d0zxj8jlxz5u/ieee-logo.jpeg?dl=0",
        "Title": "Institute of Electrical and Electronics Engineers",
        "Url": "http://www.ieee.org",
        "Description": "The world's largest technical professional organization for the advancement of technology. It has 400,000+ Members in 190+ Countries",
        "RoleInvolved": [
           "Seed Grant Funding",
          "Providing Technical Assessment and Opinion on the Power Generation and Distribution Plan",
          "Mobilizing local volunteers in sharing technical insights "
        ],
        "Tags": [
          {
            "Title": "Financial Support",
            "Icon": "https://via.placeholder.com/50X50"
          },
          {
            "Title": "Technical Expertise",
            "Icon": "https://via.placeholder.com/50X50"
          },
          {
            "Title": "Local Expertise",
            "Icon": "https://via.placeholder.com/50X50"
          }
        ]
      },
      {
        "Image": "https://www.dropbox.com/s/bo5ocb4g1t72aoy/world-bank-logo.jpg?dl=0",
        "Title": "World Bank",
        "Url": "http://www.worldbank.com",
        "Description": "The World Bank is an international financial institution that provides loans to countries of the world for capital projects. It comprises two institutions: the International Bank for Reconstruction and Development, and the International Development Association. The World Bank is a component of the World Bank Group.",
        "RoleInvolved": [
            "Partial Funding Support for Infrastructure Development",
          "Vetting of the business plan",
          "Oversight, and Monitoring of Progress"
        ],
        "Tags": [
          {
            "Title": "Funding Support",
            "Icon": "https://via.placeholder.com/50X50"
          },
          {
            "Title": "Oversight and Monitoring",
            "Icon": "https://via.placeholder.com/50X50"
          }
        ]
      },
      {
        "Image": "https://www.dropbox.com/s/uvhyrxwcnpwj4pk/ima%20logo.png?dl=0",
        "Title": "Institute of Management Accountants",
        "Url": "www.imanet.org",
         "Description": "The Institute of Management Accountants (IMA) is a professional membership organization headquartered in Montvale, New Jersey, United States, operating in four global regions: The Americas, Asia/Pacific, Europe, and the Middle East/India.[2]\nIMA members are represented in 140 countries around the world with 300 professional and student chapters.[3] Members work in business, with job responsibilities distinct from those in public accounting. IMA raises awareness of management accounting, which includes jobs in decision support, planning and control positions.\nWith a global network of more than 100,000[4] professionals, IMA provides certification, the Certified Management Accountant (CMA), for internal financial management responsibilities, including planning, budgeting, business reporting, decision analysis and risk management.",
        "RoleInvolved": [
          "Mobilize members around the world in due diligence of the impact measurement and reporting. ",
          "Standardize impact measurement techniques"
        ],
        "Tags": [
          {
            "Title": "Impact Assessment and Measurement",
            "Icon": "https://via.placeholder.com/50X50"
          },
          {
            "Title": "Financial Expertise",
            "Icon": "https://via.placeholder.com/50X50"
          }
        ]
      },
      {
        "Image": "https://www.dropbox.com/s/uvhyrxwcnpwj4pk/ima%20logo.png?dl=0",
        "Title": "Institute of Management Accountants",
        "Url": "www.imanet.org",
         "Description": "The Institute of Management Accountants (IMA) is a professional membership organization headquartered in Montvale, New Jersey, United States, operating in four global regions: The Americas, Asia/Pacific, Europe, and the Middle East/India.[2]\nIMA members are represented in 140 countries around the world with 300 professional and student chapters.[3] Members work in business, with job responsibilities distinct from those in public accounting. IMA raises awareness of management accounting, which includes jobs in decision support, planning and control positions.\nWith a global network of more than 100,000[4] professionals, IMA provides certification, the Certified Management Accountant (CMA), for internal financial management responsibilities, including planning, budgeting, business reporting, decision analysis and risk management.",
        "RoleInvolved": [
          "Mobilize members around the world in due diligence of the impact measurement and reporting. ",
          "Standardize impact measurement techniques"
        ],
        "Tags": [
          {
            "Title": "Impact Assessment and Measurement",
            "Icon": "https://via.placeholder.com/50X50"
          },
          {
            "Title": "Financial Expertise",
            "Icon": "https://via.placeholder.com/50X50"
          }
        ]
      }
    ],
    "TeamMember": [
      {
        "Image": "http://www.clipbots.com/impact-network/uploads/partnerteam.png",
        "Name": "Mario Aleman",
        "Degisnation": "Project Lead"
      },
      {
        "Image": "http://www.clipbots.com/impact-network/uploads/partnerteam.png",
        "Name": "Alejandra Carlos",
        "Degisnation": "Project Secretary"
      },
      {
        "Image": "http://www.clipbots.com/impact-network/uploads/partnerteam.png",
        "Name": "Emannuel Cardona",
        "Degisnation": "PR Manager"
      }
    ]
  },
  "Fund_and_Risk": {
    "Funding_Round_Section": {
      "TotalNumber": "3",
      "Icon": "http://www.clipbots.com/impact-network/uploads/fundingrouteicon.png"
    },
    "Funding_Amount_Section": {
      "Amount": "3,75,000",
      "Icon": "http://www.clipbots.com/impact-network/uploads/fundingamounticon.png"
    },
    "Source_of_Funding": {
      "Listing": [
        {
          "Label": "Bahia Rural Development Authority",
          "Amount": "500,000"
        },
        {
          "Label": "World Bank Loan",
          "Amount": "3,000,000"
        },
        {
          "Label": "IEEE Humanitarian Activities Grant",
          "Amount": "250,000"
        },
        {
          "Label": "Bahia Citizen's Fund ",
          "Amount": "1,00,000"
        }
      ]
    },
    "Funding_rasing_over_the_period_of_time": {
      "GraphTitle": "Text",
      "GraphPlotting": [
        {
          "Year": "2016",
          "Amount": "40"
        },
        {
          "Year": "2017",
          "Amount": "20"
        },
        {
          "Year": "2018",
          "Amount": "60"
        },
        {
          "Year": "2019",
          "Amount": "40"
        }
      ]
    },
    "Notes_for_Investor": "This Project is Looking to Raise 2M US$ with blended returns. For Investment Profile, please visit: impact.apicista.com",
    "Sustainability": {
      "FinancialSustainability": "The price paid by the metered kWh power consumption costs would pay for the operational expenses and a portion of the capital investment in the form of net surplus each year. ",
      "OpereationalSustainability": "Bahia Electricity Board will be overtaking the operations and maintenance of this project once completed. "
    },
    "Financial_Management": {
      "Listing": [
        {
          "Label": "Expense_Report.xlsx",
          "DownloadUrl": "http://www.clipbots.com/impact-network/uploads/fundingrouteicon.png"
        },
        {
          "Label": "Expense_Report.xlsxk",
          "DownloadUrl": "http://www.clipbots.com/impact-network/uploads/fundingrouteicon.png"
        },
        {
          "Label": "Expense_Report.xlsx",
          "DownloadUrl": "http://www.clipbots.com/impact-network/uploads/fundingrouteicon.png"
        },
        {
          "Label": "Expense_Report.xlsx",
          "DownloadUrl": "http://www.clipbots.com/impact-network/uploads/fundingrouteicon.png"
        }
      ]
    },
    "Financial_Management_Chart": {
      "CenterCircle": "PASTEL ANALYSIS",
      "CenterCircleIcon": "https://via.placeholder.com/30X30",
      "CenterCirclePopoverText": "Lorem Ipsum is simply dummy text of the printing and typesetting industry. Lorem Ipsum has been the industry's standard dummy text ever since the 1500s, when an unknown printer took a galley of type and scrambled i",
      "Listing": [
        {
          "CircleText": "Economic",
          "CircleIcon": "https://via.placeholder.com/30X30",
          "CirclePopoverText": "Lorem Ipsum is simply dummy text of the printing and typesetting industry. Lorem Ipsum has been the industry's standard dummy text ever since the 1500s, when an unknown printer took a galley of type and scrambled i"
        },
        {
          "CircleText": "Social",
          "CircleIcon": "https://via.placeholder.com/30X30",
          "CirclePopoverText": "Lorem Ipsum is simply dummy text of the printing and typesetting industry. Lorem Ipsum has been the industry's standard dummy text ever since the 1500s, when an unknown printer took a galley of type and scrambled i"
        },
        {
          "CircleText": "Legal",
          "CircleIcon": "https://via.placeholder.com/30X30",
          "CirclePopoverText": "Lorem Ipsum is simply dummy text of the printing and typesetting industry. Lorem Ipsum has been the industry's standard dummy text ever since the 1500s, when an unknown printer took a galley of type and scrambled i"
        },
        {
          "CircleText": "Environtal",
          "CircleIcon": "https://via.placeholder.com/30X30",
          "CirclePopoverText": "Lorem Ipsum is simply dummy text of the printing and typesetting industry. Lorem Ipsum has been the industry's standard dummy text ever since the 1500s, when an unknown printer took a galley of type and scrambled i"
        },
        {
          "CircleText": "Technological",
          "CircleIcon": "https://via.placeholder.com/30X30",
          "CirclePopoverText": "Lorem Ipsum is simply dummy text of the printing and typesetting industry. Lorem Ipsum has been the industry's standard dummy text ever since the 1500s, when an unknown printer took a galley of type and scrambled i"
        },
        {
          "CircleText": "Political",
          "CircleIcon": "https://via.placeholder.com/30X30",
          "CirclePopoverText": "Lorem Ipsum is simply dummy text of the printing and typesetting industry. Lorem Ipsum has been the industry's standard dummy text ever since the 1500s, when an unknown printer took a galley of type and scrambled i"
        }
      ]
    }
  },
  "Communities_And_Impact": {
    "Community_Insights": "12",
    "List_of_Communities": [
      {
        "Community": {
          "Community_Basic_Info": [
            {
              "CountryName": "Brazil",
              "CountryIcons": "http://www.clipbots.com/impact-network/uploads/brazilflag.png",
              "Latitude": "-13.6603615",
              "Longitude": "-69.6775883",
              "ShortName": "BR",
              "ListofItemsMultiplevalue": 1,
              "ListofItems": [
                {
                 "Title": "Average Household Income (per month)",
                  "Icon": "https://via.placeholder.com/20X20",
                  "Link": "https://Population.io",
                  "Name": "Population.io",
                  "Value": "176"
                },
                {
                  "Title": "Cost of 1kWh power",
                   "Icon": "https://via.placeholder.com/20X20",
                  "Link": "https://Population.io",
                  "Name": "Population.io",
                  "Value": "6.25"
                },
                {
                   "Title": "%of Deaths attributed to indoor air pollution",
                   "Icon": "https://via.placeholder.com/20X20",
                  "Link": "https://Population.io",
                  "Name": "Population.io",
                  "Value": "29"
                }
              ]
            }
          ]
        }
      },
      {
        "Community": {
          "Community_Basic_Info": [
            {
              "CountryName": "South Africa",
              "CountryIcons": "http://www.clipbots.com/impact-network/uploads/safricaflag.png",
              "Latitude": "-34.2968992",
              "Longitude": "18.2471585",
              "ShortName": "SA",
              "ListofItemsMultiplevalue": 3,
              "ListofItems": [
                {
                  "Title": "Average Household Income (per month)",
                   "Icon": "https://via.placeholder.com/20X20",
                  "Link": "https://Population.io",
                  "Name": "Population.io",
                  "Value": "126"
                },
                {
                  "Title": "Cost of 1kWh power",
                   "Icon": "https://via.placeholder.com/20X20",
                  "Link": "https://Population.io",
                  "Name": "Population.io",
                  "Value": "9.25"
                },
                {
                  "Title": "%of Deaths attributed to indoor air pollution",
                    "Icon": "https://via.placeholder.com/20X20",
                  "Link": "https://Population.io",
                  "Name": "Population.io",
                  "Value": "39"
                },
                {
                  "Title": "Income",
                  "Icon": "https://via.placeholder.com/20X20",
                  "Link": "https://via.placeholder.com",
                  "Name": "Dlink 4",
                  "Value": "1250M"
                }
              ]
            }
          ]
        }
      }
    ],
    "Investment_Bottom_Block": {
      "Listing": [
         {
          "Label": "Total Capital Expenses",
          "Value": "6000"
        },
        {
          "Label": "Total Operating Expenses",
          "Value": "111560"
        },
        {
          "Label": "Total Education and Outreach Expenses",
          "Value": "23000"
        }
      ]
    },
    "Social_Returns_Bottom_Block": {
      "Output": [
        {
          "Output_Definition": "#of Households that can watch TV, listen to the Radio, and charge mobile phones using cheaper power",
          "Value": "350",
          "Measurable_Outcomes": {
            "Listing": [
              {
                "Outcome_Definition": "Money saved on communication and entertainment ($ per household per month)",
                "Value": "5",
                "Quantified_multiplication_value": "10",
                "Impact_calculation_formula": {
                  "function": "Javascript function",
                  "Description": "Decription of the Formula"
                }
              }
            ]
          },
          "Shown_by_default": "TRUE"
        },
        {
          "Output_Definition": "#of Home business that can benefit from cheaper power. ",
          "Value": "200",
          "Measurable_Outcomes": {
            "Listing": [
              {
                "Outcome_Definition": "Increased income because of improved productivity ($ per home-business per month)",
                "Value": "21",
                "Quantified_multiplication_value": "10",
                "Impact_calculation_formula": {
                  "function": "Javascript function",
                  "Description": "Decription of the Formula"
                }
              }
            ]
          },
          "Shown_by_default": "TRUE"
        },
        {
          "Output_Definition": "#of Home business that can benefit from cheaper power.",
          "Value": "200",
          "Measurable_Outcomes": {
            "Listing": [
              {
                "Outcome_Definition": "Savings because of lower exposure to indoor air pollution, and access to clean water. ($ per month per household)",
                "Value": "75",
                "Quantified_multiplication_value": "10",
                "Impact_calculation_formula": {
                  "function": "Javascript function",
                  "Description": "Decription of the Formula"
                }
              }
            ]
          },
          "Shown_by_default": "FALSE"
        },
        {
          "Output_Definition": "#of Households eliminating the usage of batteries and kerosene lamps.",
          "Value": "200",
          "Measurable_Outcomes": {
            "Listing": [
              {
                "Outcome_Definition": "#of Tonnes of CO2 emissions reduced per household.",
                "Value": "75",
                "Quantified_multiplication_value": "10",
                "Impact_calculation_formula": {
                  "function": "Javascript function",
                  "Description": "Decription of the Formula"
                }
              },
              {
                "Outcome_Definition": "#of Batteries not disposed ",
                "Value": "50",
                "Quantified_multiplication_value": "10",
                "Impact_calculation_formula": {
                  "function": "Javascript function",
                  "Description": "Decription of the Formula"
                }
              }
            ]
          },
          "Shown_by_default": "FALSE"
        }
      ]
    },
    "Impact_Reports": {
      "Listing": [
        {
          "Label": "Attachment",
          "DownloadUrl": "http://www.africau.edu/images/default/sample.pdf"
        },
        {
          "Label": "Attachment",
          "DownloadUrl": "http://www.africau.edu/images/default/sample.pdf"
        },
        {
          "Label": "Attachment",
          "DownloadUrl": "http://www.africau.edu/images/default/sample.pdf"
        }
      ]
    }
  }
}