{
  "HomepageSlider": {
    "Banner": [
      {
        "Name": "homepageSlider1",
        "Sequence": "1",
        "ImgUrl": "http://www.clipbots.com/impact-network/uploads/homepageSlider1.png"
      },
      {
        "Name": "homepageSlider2",
        "Sequence": "2",
        "ImgUrl": "http://www.clipbots.com/impact-network/uploads/homepageSlider2.png"
      },
      {
        "Name": "homepageSlider3",
        "Sequence": "3",
        "ImgUrl": "http://www.clipbots.com/impact-network/uploads/homepageSlider3.png"
      }
    ]
  },
  "ProjectSection": {
    "Project_Info": {
      "Logo": "http://www.clipbots.com/impact-network/uploads/projectlogo.png",
      "Title": "Project Name Goes Here 123",
      "Username": "@Username"
    },
    "Rating_Info": {
      "Star": "4",
      "Total": "163"
    },
    "Social_Network": {
      "Facebook": "https://www.facebook.com/",
      "Tweeter": "https://twitter.com/login",
      "Instagram": "https://instagram.com//",
      "LinkedIn": "https://in.linkedin.com/"
    },
    "Location": "San Francisco",
    "TotalInsight": "800",
    "TotalFollower": "3,655",
    "FollowerLink": "http://www.clipbots.com/impact-network/uploads/"
  },
  "Overview": {
    "OverviewInfo": {
      "Overview_Title": "Developing  Power  expects  to  electrify  91,000  households  over  15  years,  resulting  in  a  net  present  value  of  $93  million  in  social  benefits.  And  for  every  $1  invested  in  a  Developing  Power  project  there  is  an  average  of  $3.2  in  social  benefits. ",
      "Overview_Insights": "800"
    },
    "TimelineInfo": [
      {
        "Label": "Startup",
        "Icon": "green",
        "Date": " 1st Jan 2017",
        "Type": "success"
      },
      {
        "Label": "Growing",
        "Icon": "green",
        "Date": "1st Jan 2017",
        "Type": "success"
      },
      {
        "Label": "Ipsum",
        "Icon": "yellow",
        "Date": "1st Jan 2017",
        "Type": "pending"
      },
      {
        "Label": "Ipsum",
        "Icon": "Text",
        "Date": "1st Jan 2017",
        "Type": "disable"
      }
    ],
    "Outputs_Outcomes_Info": {
      "Listing": [
        {
          "Project_Name": "Goal Here 111",
          "Project_Icon": "http://www.clipbots.com/impact-network/uploads/projectinsighticon.png",
          "Project_Insight": "260",
          "Project_Primary_key": "1"
        },
        {
          "Project_Name": "Goal Here 222",
          "Project_Icon": "http://www.clipbots.com/impact-network/uploads/projectinsighticon.png",
          "Project_Insight": "280",
          "Project_Primary_key": "2"
        },
        {
          "Project_Name": "Goal Here 333",
          "Project_Icon": "http://www.clipbots.com/impact-network/uploads/projectinsighticon.png",
          "Project_Insight": "290",
          "Project_Primary_key": "3"
        },
          {
          "Project_Name": "Goal Here 222",
          "Project_Icon": "http://www.clipbots.com/impact-network/uploads/projectinsighticon.png",
          "Project_Insight": "280",
          "Project_Primary_key": "2"
        },
        {
          "Project_Name": "Goal Here 333",
          "Project_Icon": "http://www.clipbots.com/impact-network/uploads/projectinsighticon.png",
          "Project_Insight": "290",
          "Project_Primary_key": "3"
        }
      ],
      "Project_Output_Section": [
        {
          "Title": "Number of Cookes Stoves Installed",
          "Quantity": "380",
          "Project_Foreign_Key": "1",
          "Project_Output_Primary_Key": "B1",
          "Tags": [
            {
              "icons": "http://www.clipbots.com/impact-network/uploads/facebook.png",
              "label": "Text"
            },
            {
              "icons": "http://www.clipbots.com/impact-network/uploads/twitter.png",
              "label": "Text"
            }
          ]
        },
        {
          "Title": "Number of Cookes Stoves Installed",
          "Quantity": "480",
          "Project_Foreign_Key": "2",
          "Project_Output_Primary_Key": "B2",
          "Tags": [
            {
              "icons": "http://www.clipbots.com/impact-network/uploads/facebook.png",
              "label": "Text"
            },
            {
              "icons": "http://www.clipbots.com/impact-network/uploads/twitter.png",
              "label": "Text"
            }
          ]
        },
        {
          "Title": "Number of Cookes Stoves Installed",
          "Quantity": "580",
          "Project_Foreign_Key": "3",
          "Project_Output_Primary_Key": "B3",
          "Tags": [
            {
              "icons": "http://www.clipbots.com/impact-network/uploads/facebook.png",
              "label": "Text"
            },
            {
              "icons": "http://www.clipbots.com/impact-network/uploads/twitter.png",
              "label": "Text"
            }
          ]
        }
      ],
      "Project_Outcomes_Section": [
        {
          "Title": "Number of Cookes Stoves Installed",
          "Quantity": "380",
          "Project_Foreign_Key": "1",
          "Project_Output_Foregin_Key": "B3",
          "Tags": [
            {
              "icons": "http://www.clipbots.com/impact-network/uploads/facebook.png",
              "label": "Text"
            },
            {
              "icons": "http://www.clipbots.com/impact-network/uploads/twitter.png",
              "label": "Text"
            }
          ]
        },
        {
          "Title": "Number of Cookes Stoves Installed",
          "Quantity": "480",
          "Project_Foreign_Key": "2",
          "Project_Output_Foregin_Key": "B1",
          "Tags": [
            {
              "icons": "http://www.clipbots.com/impact-network/uploads/facebook.png",
              "label": "Text"
            },
            {
              "icons": "http://www.clipbots.com/impact-network/uploads/twitter.png",
              "label": "Text"
            }
          ]
        },
        {
          "Title": "Number of Cookes Stoves Installed",
          "Quantity": "580",
          "Project_Foreign_Key": "3",
          "Project_Output_Foregin_Key": "B2",
          "Tags": [
            {
              "icons": "http://www.clipbots.com/impact-network/uploads/facebook.png",
              "label": "Text"
            },
            {
              "icons": "http://www.clipbots.com/impact-network/uploads/twitter.png",
              "label": "Text"
            }
          ]
        }
      ]
    },
    "Gallery": {
      "Gallery_Insight": "220",
      "Images": [
        {
          "Small_Image": "http://www.clipbots.com/impact-network/uploads/overviewgallery1.png",
          "Big_Image": "http://www.clipbots.com/impact-network/uploads/overviewgallery1.png",
          "Image_Title": "Title 1"
        },
        {
          "Small_Image": "http://www.clipbots.com/impact-network/uploads/overviewgallery2.png",
          "Big_Image": "http://www.clipbots.com/impact-network/uploads/overviewgallery2.png",
          "Image_Title": "Title 2"
        },
        {
          "Small_Image": "http://www.clipbots.com/impact-network/uploads/overviewgallery3.png",
          "Big_Image": "http://www.clipbots.com/impact-network/uploads/overviewgallery3.png",
          "Image_Title": "Title 3"
        },
        {
          "Small_Image": "http://www.clipbots.com/impact-network/uploads/overviewgallery3.png",
          "Big_Image": "http://www.clipbots.com/impact-network/uploads/overviewgallery3.png",
          "Image_Title": "Title 4"
        },
        {
          "Small_Image": "http://www.clipbots.com/impact-network/uploads/overviewgallery3.png",
          "Big_Image": "http://www.clipbots.com/impact-network/uploads/overviewgallery3.png",
          "Image_Title": "Title 5"
        },
        {
          "Small_Image": "http://www.clipbots.com/impact-network/uploads/overviewgallery3.png",
          "Big_Image": "http://www.clipbots.com/impact-network/uploads/overviewgallery3.png",
          "Image_Title": "Title 6"
        },
        {
          "Small_Image": "http://www.clipbots.com/impact-network/uploads/overviewgallery3.png",
          "Big_Image": "http://www.clipbots.com/impact-network/uploads/overviewgallery3.png",
          "Image_Title": "Title 7"
        },
        {
          "Small_Image": "http://www.clipbots.com/impact-network/uploads/overviewgallery3.png",
          "Big_Image": "http://www.clipbots.com/impact-network/uploads/overviewgallery3.png",
          "Image_Title": "Title 8"
        }
      ]
    },
    "Partnership_Organizations": [
      {
        "Partnership_Title": "RICOH",
        "Partnership_ImageURL": "http://www.clipbots.com/impact-network/uploads/partnership1.png"
      },
      {
        "Partnership_Title": "RICOH",
        "Partnership_ImageURL": "http://www.clipbots.com/impact-network/uploads/partnership2.png"
      },
      {
        "Partnership_Title": "RICOH",
        "Partnership_ImageURL": "http://www.clipbots.com/impact-network/uploads/partnership3.png"
      }
    ],
    "Funding_Information": {
      "Amount": "23,340,255",
      "AmountSign": "$",
      "FundingList": [
        {
          "Label": "Funding Source 1",
          "Color": "#00D246",
          "Percentage": "60"
        },
        {
          "Label": "Funding Source 2",
          "Color": "#0084FF",
          "Percentage": "20"
        },
        {
          "Label": "Funding Source 3",
          "Color": "#EEBC32",
          "Percentage": "10"
        }
      ]
    },
    "Insight": {
      "Overview": [
        {
          "Author_Image": "http://www.clipbots.com/impact-network/uploads/insightauthor1.png",
          "Author_Name": "Aaron Taylor",
          "Review_Description": "It is a long established fact that a reader will be distracted by the readable content of a page when looking atits layout. The point of using Lorem Ipsum is that it has a more-or-less normal distribution of letters, as opposed to using 'Content here.",
          "Review_Number": "163",
          "Review_Star": "1",
          "Date_Time": "11 jan 2018 - 15:45"
        },
        {
          "Author_Image": "http://www.clipbots.com/impact-network/uploads/insightauthor2.png",
          "Author_Name": "Aaron Taylor 2",
          "Review_Description": "It is a long established fact that a reader will be distracted by the readable content of a page when looking atits layout. The point of using Lorem Ipsum is that it has a more-or-less normal distribution of letters, as opposed to using 'Content here.",
          "Review_Number": "163",
          "Review_Star": "4",
          "Date_Time": "11 jan 2018 - 15:45"
        },
        {
          "Author_Image": "http://www.clipbots.com/impact-network/uploads/insightauthor3.png",
          "Author_Name": "Aaron Taylor 3",
          "Review_Description": "It is a long established fact that a reader will be distracted by the readable content of a page when looking atits layout. The point of using Lorem Ipsum is that it has a more-or-less normal distribution of letters, as opposed to using 'Content here.",
          "Review_Number": "163",
          "Review_Star": "3",
          "Date_Time": "11 jan 2018 - 15:45"
        }
      ],
      "Timeline": [
        {
          "Author_Image": "http://www.clipbots.com/impact-network/uploads/insightauthor1.png",
          "Author_Name": "Aaron Taylor",
          "Review_Description": "It is a long established fact that a reader will be distracted by the readable content of a page when looking atits layout. The point of using Lorem Ipsum is that it has a more-or-less normal distribution of letters, as opposed to using 'Content here.",
          "Review_Number": "163",
          "Review_Star": "2",
          "Date_Time": "11 jan 2018 - 15:45"
        },
        {
          "Author_Image": "http://www.clipbots.com/impact-network/uploads/insightauthor2.png",
          "Author_Name": "Aaron Taylor 2",
          "Review_Description": "It is a long established fact that a reader will be distracted by the readable content of a page when looking atits layout. The point of using Lorem Ipsum is that it has a more-or-less normal distribution of letters, as opposed to using 'Content here.",
          "Review_Number": "163",
          "Review_Star": "5",
          "Date_Time": "11 jan 2018 - 15:45"
        },
        {
          "Author_Image": "http://www.clipbots.com/impact-network/uploads/insightauthor3.png",
          "Author_Name": "Aaron Taylor 3",
          "Review_Description": "It is a long established fact that a reader will be distracted by the readable content of a page when looking atits layout. The point of using Lorem Ipsum is that it has a more-or-less normal distribution of letters, as opposed to using 'Content here.",
          "Review_Number": "163",
          "Review_Star": "4",
          "Date_Time": "11 jan 2018 - 15:45"
        }
      ],
      "Project": [
        {
          "Author_Image": "http://www.clipbots.com/impact-network/uploads/insightauthor1.png",
          "Author_Name": "Aaron Taylor",
          "Review_Description": "It is a long established fact that a reader will be distracted by the readable content of a page when looking atits layout. The point of using Lorem Ipsum is that it has a more-or-less normal distribution of letters, as opposed to using 'Content here.",
          "Review_Number": "163",
          "Review_Star": "4",
          "Date_Time": "11 jan 2018 - 15:45"
        },
        {
          "Author_Image": "http://www.clipbots.com/impact-network/uploads/insightauthor2.png",
          "Author_Name": "Aaron Taylor 2",
          "Review_Description": "It is a long established fact that a reader will be distracted by the readable content of a page when looking atits layout. The point of using Lorem Ipsum is that it has a more-or-less normal distribution of letters, as opposed to using 'Content here.",
          "Review_Number": "163",
          "Review_Star": "2",
          "Date_Time": "11 jan 2018 - 15:45"
        },
        {
          "Author_Image": "http://www.clipbots.com/impact-network/uploads/insightauthor3.png",
          "Author_Name": "Aaron Taylor 3",
          "Review_Description": "It is a long established fact that a reader will be distracted by the readable content of a page when looking atits layout. The point of using Lorem Ipsum is that it has a more-or-less normal distribution of letters, as opposed to using 'Content here.",
          "Review_Number": "163",
          "Review_Star": "3",
          "Date_Time": "11 jan 2018 - 15:45"
        }
      ],
      "Gallery": [
        {
          "Author_Image": "http://www.clipbots.com/impact-network/uploads/insightauthor1.png",
          "Author_Name": "Aaron Taylor",
          "Review_Description": "It is a long established fact that a reader will be distracted by the readable content of a page when looking atits layout. The point of using Lorem Ipsum is that it has a more-or-less normal distribution of letters, as opposed to using 'Content here.",
          "Review_Number": "163",
          "Review_Star": "4",
          "Date_Time": "11 jan 2018 - 15:45"
        },
        {
          "Author_Image": "http://www.clipbots.com/impact-network/uploads/insightauthor2.png",
          "Author_Name": "Aaron Taylor 2",
          "Review_Description": "It is a long established fact that a reader will be distracted by the readable content of a page when looking atits layout. The point of using Lorem Ipsum is that it has a more-or-less normal distribution of letters, as opposed to using 'Content here.",
          "Review_Number": "163",
          "Review_Star": "4",
          "Date_Time": "11 jan 2018 - 15:45"
        },
        {
          "Author_Image": "http://www.clipbots.com/impact-network/uploads/insightauthor3.png",
          "Author_Name": "Aaron Taylor 3",
          "Review_Description": "It is a long established fact that a reader will be distracted by the readable content of a page when looking atits layout. The point of using Lorem Ipsum is that it has a more-or-less normal distribution of letters, as opposed to using 'Content here.",
          "Review_Number": "163",
          "Review_Star": "2",
          "Date_Time": "11 jan 2018 - 15:45"
        }
      ]
    }
  },
  "Theory_of_Change": {
    "Summary_Section": {
      "Summary": "Developing  Power  expects  to  electrify  91,000  households  over  15  years,  resulting  in  a  net  present  value  of  $93  million  in  social  benefits.  And  for  every  $1  invested  in  a  Developing  Power  project  there  is  an  average  of  $3.2  in  social  benefits.",
      "Insight": "800"
    },
    "Summary_Section_Block": {
      "Insight": "800",
      "Input": {
        "Points": [
          "Electricity",
          "Access  to  credit ",
          "Payment  flexibility ",
          "Renewable  energy"
        ]
      },
      "Activities": {
        "Points": [
          "Capacity  building ",
          "Microenterprise  developmen",
          "Training"
        ]
      },
      "IntendentOutput": {
        "Points": [
          "Lighting  for  reading,  studying,  and  longer  business  hours",
          "Power  for  water  pumping,  refrigeration,  entertainment,  communications,  machinery,  electrical  devices"
        ]
      },
      "IntendentOutcomes": {
        "Points": [
          "Reduction  in  poverty",
          "Higher  education  and  earning  potential ",
          "Increased  productivity ",
          "Improved  health",
          "Access  to  information",
          "Cleaner  environment"
        ]
      }
    },
    "Key_Assumptions": {
      "Insight": "800",
      "Points": [
        "The  benefits  assessed  in  the  analysis  are  grouped  into  education  and  earning  potential,  productivity,  the  environment,  communications  and  entertainment,  and  human  health.  To  avoid  double-counting  of  the  benefits  from  access  to  lower-cost  lighting,  it  is  assumed  that  lighting  benefits  are  reflected  in  the  above  measures.",
        "The  estimates  presented  are  for  villages  that  previously  did  not  have  electricity,  where  the  benefits  represent  the  incremental  benefits  of  acquiring  access  to  electricity  compared  to  the  baseline  of  kerosene  and  batteries",
        "The  benefits  are  quantified  for  15  years  because  the  expectation  is  that  the  villages  electrified  through  Developing  Power  will  not  likely  receive  grid  connection  over  that  time  period."
      ]
    },
     "Problem_Statements": {
      "Insight": "770",
      "Points": [
        "Lorem Ipsum is simply dummy text of the printing and typesetting industry. Lorem Ipsum has been the industry's standard dummy text ever since the 1500s, when an unknown printer took a galley of type and scrambled it to make a type specimen book. It has survived not only five centuries, but also the leap into electronic typesetting, remaining essentially unchanged. It was popularised in the 1960s with the release of Letraset sheets containing Lorem Ipsum passages, and more recently with desktop publishing software like Aldus PageMaker including versions of Lorem Ipsum",
        "It is a long established fact that a reader will be distracted by the readable content of a page when looking at its layout. The point of using Lorem Ipsum is that it has a more-or-less normal distribution of letters, as opposed to using 'Content here, content here', making it look like readable English. Many desktop publishing packages and web page editors now use Lorem Ipsum as their default model text, and a search for 'lorem ipsum' will uncover many web sites still in their infancy. Various versions have evolved over the years, sometimes by accident, sometimes on purpose (injected humour and the like).",
        "The  benefits  are  quantified  for  15  years  because  the  expectation  is  that  the  villages  electrified  through  Developing  Power  will  not  likely  receive  grid  connection  over  that  time  period."
      ]
    },
    "Solutions": {
      "Insight": "800",
      "tabs": [
        {
          "Label": "Proposed Solution",
          "Points": [
            {
              "Description": "PI7623   Energy Savings from Products Sold"
            },
            {
              "Description": "PI1586   Building Area of Energy Efficiency Improvements"
            },
            {
              "Description": "OI6697  Energy Conserved"
            }
          ]
        },
        {
          "Label": "Alternative Solutions",
          "Points": [
            {
              "Description": "OI2496  Energy Generated for Use: Renewable"
            },
            {
              "Description": "OI2092  Climate Resilience Strategy"
            },
            {
              "Description": "OI1479  Greenhouse Gas Emissions: Total"
            }
          ]
        }
      ]
    }
  },
  "Milestones": {
    "Listing": [
      {
        "MainTitle": "Project Main Title 1",
        "SubTitle": "Sub-Title 1",
        "Description": "Lorem Ipsum is simply dummy text of the printing and typesetting industry",
        "Date": "12-NOV-2018",
        "DateTimeStamp": "1541961000",
        "StatusLabel": "INPROGRESS",
        "StatusColor": "progressblue",
        "StatusPercentage": "30",
        "Comments":[
        {
          "Author":"Authorname",
          "Date":"13-NOV-2018",
          "AuthorImgurl":"http://www.clipbots.com/impact-network/uploads/man.png",
          "CommentDescription":" Lorem Ipsum has been the industry's standard dummy text ever since the 1500s"
        },
        {
          "Author":"Authorname",
           "Date":"23-NOV-2018",
          "AuthorImgurl":"http://www.clipbots.com/impact-network/uploads/man.png",
          "CommentDescription":" Lorem Ipsum has been the industry's standard dummy text ever since the 1500s"
        },
        {
          "Author":"Authorname",
           "Date":"17-NOV-2018",
          "AuthorImgurl":"http://www.clipbots.com/impact-network/uploads/man.png",
          "CommentDescription":" Lorem Ipsum has been the industry's standard dummy text ever since the 1500s"
        }
        ],
        "Task":[
           "Points 1",
           "Points 2",
           "Points 3",
           "Points 4"
          ],
        "Attachment": [
          {
            "Label": "Title 1",
            "Url":"http://www.clipbots.com/impact-network/uploads/TPS%20Report.docx"
          },
           {
            "Label": "Title 2",
            "Url":"http://www.clipbots.com/impact-network/uploads/TPS%20Report.docx"
          }
         
        ]
      },
      {
        "MainTitle": "Project Main Title 2",
        "SubTitle": "Sub-Title 2",
        "Description": "It is a long established fact that a reader will be distracted by the readable content of a page when looking at its layout. The point of using",
        "Date": "13-NOV-2018",
        "DateTimeStamp": "1542047400",
        "StatusLabel": "INPROGRESS",
        "StatusColor": "progressblue",
        "StatusPercentage": "50",
          "Comments":[
        {
          "Author":"Authorname",
          "Date":"13-NOV-2018",
          "AuthorImgurl":"http://www.clipbots.com/impact-network/uploads/man.png",
          "CommentDescription":" Lorem Ipsum has been the industry's standard dummy text ever since the 1500s"
        },
        {
          "Author":"Authorname",
           "Date":"23-NOV-2018",
          "AuthorImgurl":"http://www.clipbots.com/impact-network/uploads/man.png",
          "CommentDescription":" Lorem Ipsum has been the industry's standard dummy text ever since the 1500s"
        },
        {
          "Author":"Authorname",
           "Date":"17-NOV-2018",
          "AuthorImgurl":"http://www.clipbots.com/impact-network/uploads/man.png",
          "CommentDescription":" Lorem Ipsum has been the industry's standard dummy text ever since the 1500s"
        }
        ],
        "Task":[
           "Points 1",
           "Points 2"
          ],
         "Attachment": [
          {
            "Label": "Title 1",
            "Url":"http://www.clipbots.com/impact-network/uploads/TPS%20Report.docx"
          },
           {
            "Label": "Title 2",
            "Url":"http://www.clipbots.com/impact-network/uploads/TPS%20Report.docx"
          }
        ]
      },
      {
        "MainTitle": "Project Main Title 3",
        "SubTitle": "Sub-Title 3",
        "Description": "Contrary to popular belief, Lorem Ipsum is not simply random text. It has roots in a piece of classical Latin literature from 45 BC, making",
        "Date": "14-NOV-2018",
         "DateTimeStamp": "1542133800",
        "StatusLabel": "INPROGRESS",
        "StatusColor": "progressblue",
        "StatusPercentage": "48",
          "Comments":[
        {
          "Author":"Authorname",
          "Date":"13-NOV-2018",
          "AuthorImgurl":"http://www.clipbots.com/impact-network/uploads/man.png",
          "CommentDescription":" Lorem Ipsum has been the industry's standard dummy text ever since the 1500s"
        },
        {
          "Author":"Authorname",
           "Date":"23-NOV-2018",
          "AuthorImgurl":"http://www.clipbots.com/impact-network/uploads/man.png",
          "CommentDescription":" Lorem Ipsum has been the industry's standard dummy text ever since the 1500s"
        },
        {
          "Author":"Authorname",
           "Date":"17-NOV-2018",
          "AuthorImgurl":"http://www.clipbots.com/impact-network/uploads/man.png",
          "CommentDescription":" Lorem Ipsum has been the industry's standard dummy text ever since the 1500s"
        }
        ],
        "Task":[
           "Points 1",
           "Points 2",
           "Points 3",
           "Points 4"
          ],
       "Attachment": [
          {
            "Label": "Title 1",
            "Url":"http://www.clipbots.com/impact-network/uploads/TPS%20Report.docx"
          },
           {
            "Label": "Title 2",
            "Url":"http://www.clipbots.com/impact-network/uploads/TPS%20Report.docx"
          }
        ]
      },
      {
        "MainTitle": "Project Main Title 4",
        "SubTitle": "Sub-Title 4",
        "Description": "There are many variations of passages of Lorem Ipsum available, but the majority have suffered alteration in some form, by injected humour",
        "Date": "15-NOV-2018",
         "DateTimeStamp": "1542220200",
        "StatusLabel": "HOLDING",
        "StatusColor": "holdingred",
         "StatusPercentage": "78",
           "Comments":[
        {
          "Author":"Authorname",
          "Date":"13-NOV-2018",
          "AuthorImgurl":"http://www.clipbots.com/impact-network/uploads/man.png",
          "CommentDescription":" Lorem Ipsum has been the industry's standard dummy text ever since the 1500s"
        },
        {
          "Author":"Authorname",
           "Date":"23-NOV-2018",
          "AuthorImgurl":"http://www.clipbots.com/impact-network/uploads/man.png",
          "CommentDescription":" Lorem Ipsum has been the industry's standard dummy text ever since the 1500s"
        },
        {
          "Author":"Authorname",
           "Date":"17-NOV-2018",
          "AuthorImgurl":"http://www.clipbots.com/impact-network/uploads/man.png",
          "CommentDescription":" Lorem Ipsum has been the industry's standard dummy text ever since the 1500s"
        }
        ],
        "Task":[
           "Points 1",
           "Points 2",
           "Points 3"
          ],
         "Attachment": [
          {
            "Label": "Title 1",
            "Url":"http://www.clipbots.com/impact-network/uploads/TPS%20Report.docx"
          },
           {
            "Label": "Title 2",
            "Url":"http://www.clipbots.com/impact-network/uploads/TPS%20Report.docx"
          }
        ]
      },
      {
        "MainTitle": "Project Main Title 5",
        "SubTitle": "Sub-Title 5",
         "Description": "Contrary to popular belief, Lorem Ipsum is not simply random text. It has roots in a piece of classical Latin literature from 45 BC, making",
        "Date": "16-NOV-2018",
         "DateTimeStamp": "1542306600",
        "StatusLabel": "HOLDING",
        "StatusColor": "holdingred",
         "Comments":[
        {
          "Author":"Authorname",
          "Date":"13-NOV-2018",
          "AuthorImgurl":"http://www.clipbots.com/impact-network/uploads/man.png",
          "CommentDescription":" Lorem Ipsum has been the industry's standard dummy text ever since the 1500s"
        },
        {
          "Author":"Authorname",
           "Date":"23-NOV-2018",
          "AuthorImgurl":"http://www.clipbots.com/impact-network/uploads/man.png",
          "CommentDescription":" Lorem Ipsum has been the industry's standard dummy text ever since the 1500s"
        },
        {
          "Author":"Authorname",
           "Date":"17-NOV-2018",
          "AuthorImgurl":"http://www.clipbots.com/impact-network/uploads/man.png",
          "CommentDescription":" Lorem Ipsum has been the industry's standard dummy text ever since the 1500s"
        }
        ],
         "StatusPercentage": "38",
        "Task":[
           "Points 1",
           "Points 2",
           "Points 3",
           "Points 4"
          ],
        "Attachment": [
          "http://www.clipbots.com/impact-network/uploads/TPS%20Report.docx",
          "http://www.clipbots.com/impact-network/uploads/TPS%20Report.docxhttp://www.clipbots.com/impact-network/uploads/TPS%20Report.docx"
        ],
        "StatusIcon": "http://www.clipbots.com/impact-network/uploads/milestonestatusinprogress.png"
      },
      {
        "MainTitle": "Project Main Title 6",
        "SubTitle": "Sub-Title 6",
         "Description": "I must explain to you how all this mistaken idea of denouncing pleasure and praising pain was born and I will give you a complete account of the system, and expound the actual teachings of the great explorer of the truth, the master-builder of human happiness. No one rejects, dislikes",
        "Date": "17-NOV-2018",
         "DateTimeStamp": "1542393000",
        "StatusLabel": "HOLDING",
        "StatusColor": "holdingred",
         "Comments":[
        {
          "Author":"Authorname",
          "Date":"13-NOV-2018",
          "AuthorImgurl":"http://www.clipbots.com/impact-network/uploads/man.png",
          "CommentDescription":" Lorem Ipsum has been the industry's standard dummy text ever since the 1500s"
        },
        {
          "Author":"Authorname",
           "Date":"23-NOV-2018",
          "AuthorImgurl":"http://www.clipbots.com/impact-network/uploads/man.png",
          "CommentDescription":" Lorem Ipsum has been the industry's standard dummy text ever since the 1500s"
        },
        {
          "Author":"Authorname",
           "Date":"17-NOV-2018",
          "AuthorImgurl":"http://www.clipbots.com/impact-network/uploads/man.png",
          "CommentDescription":" Lorem Ipsum has been the industry's standard dummy text ever since the 1500s"
        }
        ],
         "StatusPercentage": "43",
        "Task":[
           "Points 1"
          ],
        "Attachment": [
          {
            "Label": "Title 1",
            "Url":"http://www.clipbots.com/impact-network/uploads/TPS%20Report.docx"
          },
           {
            "Label": "Title 2",
            "Url":"http://www.clipbots.com/impact-network/uploads/TPS%20Report.docx"
          }
        ]
      },
      {
        "MainTitle": "Project Main Title 7",
        "SubTitle": "Sub-Title 7",
         "Description": "On the other hand, we denounce with righteous indignation and dislike men who are so beguiled and demoralized by the charms of pleasure of the mo",
        "Date": "1-NOV-2018",
        "DateTimeStamp": "1541010600",
        "StatusLabel": "FINISHED",
        "StatusColor": "finishedgreen",
         "StatusPercentage": "98",
           "Comments":[
        {
          "Author":"Authorname",
          "Date":"13-NOV-2018",
          "AuthorImgurl":"http://www.clipbots.com/impact-network/uploads/man.png",
          "CommentDescription":" Lorem Ipsum has been the industry's standard dummy text ever since the 1500s"
        },
        {
          "Author":"Authorname",
           "Date":"23-NOV-2018",
          "AuthorImgurl":"http://www.clipbots.com/impact-network/uploads/man.png",
          "CommentDescription":" Lorem Ipsum has been the industry's standard dummy text ever since the 1500s"
        },
        {
          "Author":"Authorname",
           "Date":"17-NOV-2018",
          "AuthorImgurl":"http://www.clipbots.com/impact-network/uploads/man.png",
          "CommentDescription":" Lorem Ipsum has been the industry's standard dummy text ever since the 1500s"
        }
        ],
         "Task":[
           "Points 1",
           "Points 2",
           "Points 3",
           "Points 4"
          ],
         "Attachment": [
          {
            "Label": "Title 1",
            "Url":"http://www.clipbots.com/impact-network/uploads/TPS%20Report.docx"
          },
           {
            "Label": "Title 2",
            "Url":"http://www.clipbots.com/impact-network/uploads/TPS%20Report.docx"
          }
        ]
      },
      {
        "MainTitle": "Project Main Title 8",
        "SubTitle": "Sub-Title 8",
         "Description": "Mauris vel turpis luctus, semper purus eu, lobortis lorem. Nulla ut suscipit velit. Integer ut ante id magna imperdiet commodo a at lorem. ",
        "Date": "19-NOV-2018",
        "DateTimeStamp": "1542565800",
        "StatusLabel": "FINISHED",
         "StatusColor": "finishedgreen",
         "Comments":[
        {
          "Author":"Authorname",
          "Date":"13-NOV-2018",
          "AuthorImgurl":"http://www.clipbots.com/impact-network/uploads/man.png",
          "CommentDescription":" Lorem Ipsum has been the industry's standard dummy text ever since the 1500s"
        },
        {
          "Author":"Authorname",
           "Date":"23-NOV-2018",
          "AuthorImgurl":"http://www.clipbots.com/impact-network/uploads/man.png",
          "CommentDescription":" Lorem Ipsum has been the industry's standard dummy text ever since the 1500s"
        },
        {
          "Author":"Authorname",
           "Date":"17-NOV-2018",
          "AuthorImgurl":"http://www.clipbots.com/impact-network/uploads/man.png",
          "CommentDescription":" Lorem Ipsum has been the industry's standard dummy text ever since the 1500s"
        }
        ],
         "StatusPercentage": "100",
         "Task":[
           "Points 1",
           "Points 2",
           "Points 3",
           "Points 4"
          ],
        "Attachment": [
          {
            "Label": "Title 1",
            "Url":"http://www.clipbots.com/impact-network/uploads/TPS%20Report.docx"
          },
           {
            "Label": "Title 2",
            "Url":"http://www.clipbots.com/impact-network/uploads/TPS%20Report.docx"
          }
        ]
      },
      {
        "MainTitle": "Project Main Title 9",
        "SubTitle": "Sub-Title 9",
        "Description": "Aenean tincidunt dapibus justo, vel pellentesque nisi mattis ac. Integer diam sapien, rhoncus vitae dapibus in, faucibus vel diam. In ",
        "Date": "2-NOV-2018",
         "DateTimeStamp": "1541097000",
        "StatusLabel": "FINISHED",
         "StatusColor": "finishedgreen",
         "StatusPercentage": "100",
          "Comments":[
        {
          "Author":"Authorname",
          "Date":"13-NOV-2018",
          "AuthorImgurl":"http://www.clipbots.com/impact-network/uploads/man.png",
          "CommentDescription":" Lorem Ipsum has been the industry's standard dummy text ever since the 1500s"
        },
        {
          "Author":"Authorname",
           "Date":"23-NOV-2018",
          "AuthorImgurl":"http://www.clipbots.com/impact-network/uploads/man.png",
          "CommentDescription":" Lorem Ipsum has been the industry's standard dummy text ever since the 1500s"
        },
        {
          "Author":"Authorname",
           "Date":"17-NOV-2018",
          "AuthorImgurl":"http://www.clipbots.com/impact-network/uploads/man.png",
          "CommentDescription":" Lorem Ipsum has been the industry's standard dummy text ever since the 1500s"
        }
        ],
         "Task":[
           "Points 1",
           "Points 2"
          ],
        "Attachment": [
          {
            "Label": "Title 1",
            "Url":"http://www.clipbots.com/impact-network/uploads/TPS%20Report.docx"
          },
           {
            "Label": "Title 2",
            "Url":"http://www.clipbots.com/impact-network/uploads/TPS%20Report.docx"
          }
        ]
      }
    ]
  },
  "People_Partnership": {
    "Listing": [
      {
        "Image": "http://www.clipbots.com/impact-network/uploads/partnerimg.png",
        "Title": "Worldwide Organization 1",
        "Url": "http://www.worldwide.com",
        "Description": "1 Lorem ipsum dolor sit amet, consetetur sadipscing elitr, sed diam nonumy eirmod tempor invidunt ut labore et dolore magna aliquyam erat, sed diam voluptua. At vero eos et accusam et justo. Lorem ipsum dolor sit amet, consetetur sadipscing elitr, sed diam nonumy eirmod tempor invidunt ut labore et dolore magna aliquyam erat, sed diam voluptua. At vero eos et accusam et justo. Lorem ipsum dolor sit amet, consetetur sadipscing elitr, sed diam nonumy eirmod tempor invidunt ut labore et dolore magna aliquyam erat, sed diam voluptua. At vero eos et accusam et justo. Lorem ipsum dolor sit amet, consetetur sadipscing elitr, sed diam nonumy eirmod tempor invidunt ut labore et dolore magna aliquyam erat, sed diam voluptua. At vero eos et accusam et justo.",
        "RoleInvolved": [
          "Lorem ipsum dolor sit amet, consetetur sadipscing elitr, sed diam nonumy eirmod tempor invidunt ut labore et dolore magna aliquyam erat, sed diam voluptua. At vero eos et accusam et justo duo dolores et ea rebum. ",
          "Lorem ipsum dolor sit amet, consetetur sadipscing elitr, sed diam.",
          "Lorem ipsum dolor sit amet, consetetur sadipscing elitr, sed diam nonumy eirmod tempor invidunt ut labore et dolore magna aliquyam erat, sed diam voluptua",
          "Lorem ipsum dolor sit amet, consetetur sadipscing elitr, sed diam."
        ],
        "Tags": [
          "light",
          "electricity"
        ]
      },
      {
        "Image": "http://www.clipbots.com/impact-network/uploads/partnerimg.png",
        "Title": "Worldwide Organization 2",
        "Url": "http://www.worldwide.com",
        "Description": "2 Lorem ipsum dolor sit amet, consetetur sadipscing elitr, sed diam nonumy eirmod tempor invidunt ut labore et dolore magna aliquyam erat, sed diam voluptua. At vero eos et accusam et justo. Lorem ipsum dolor sit amet, consetetur sadipscing elitr, sed diam nonumy eirmod tempor invidunt ut labore et dolore magna aliquyam erat, sed diam voluptua. At vero eos et accusam et justo. Lorem ipsum dolor sit amet, consetetur sadipscing elitr, sed diam nonumy eirmod tempor invidunt ut labore et dolore magna aliquyam erat, sed diam voluptua. At vero eos et accusam et justo. Lorem ipsum dolor sit amet, consetetur sadipscing elitr, sed diam nonumy eirmod tempor invidunt ut labore et dolore magna aliquyam erat, sed diam voluptua. At vero eos et accusam et justo.",
        "RoleInvolved": [
          "Lorem ipsum dolor sit amet, consetetur sadipscing elitr, sed diam nonumy eirmod tempor invidunt ut labore et dolore magna aliquyam erat, sed diam voluptua. At vero eos et accusam et justo duo dolores et ea rebum. ",
          "Lorem ipsum dolor sit amet, consetetur sadipscing elitr, sed diam.",
          "Lorem ipsum dolor sit amet, consetetur sadipscing elitr, sed diam nonumy eirmod tempor invidunt ut labore et dolore magna aliquyam erat, sed diam voluptua",
          "Lorem ipsum dolor sit amet, consetetur sadipscing elitr, sed diam."
        ],
        "Tags": [
          "light",
          "electricity"
        ]
      },
      {
        "Image": "http://www.clipbots.com/impact-network/uploads/partnerimg.png",
        "Title": "Worldwide Organization 3",
        "Url": "http://www.worldwide.com",
        "Description": "3 Lorem ipsum dolor sit amet, consetetur sadipscing elitr, sed diam nonumy eirmod tempor invidunt ut labore et dolore magna aliquyam erat, sed diam voluptua. At vero eos et accusam et justo. Lorem ipsum dolor sit amet, consetetur sadipscing elitr, sed diam nonumy eirmod tempor invidunt ut labore et dolore magna aliquyam erat, sed diam voluptua. At vero eos et accusam et justo. Lorem ipsum dolor sit amet, consetetur sadipscing elitr, sed diam nonumy eirmod tempor invidunt ut labore et dolore magna aliquyam erat, sed diam voluptua. At vero eos et accusam et justo. Lorem ipsum dolor sit amet, consetetur sadipscing elitr, sed diam nonumy eirmod tempor invidunt ut labore et dolore magna aliquyam erat, sed diam voluptua. At vero eos et accusam et justo.",
        "RoleInvolved": [
          "Lorem ipsum dolor sit amet, consetetur sadipscing elitr, sed diam nonumy eirmod tempor invidunt ut labore et dolore magna aliquyam erat, sed diam voluptua. At vero eos et accusam et justo duo dolores et ea rebum. ",
          "Lorem ipsum dolor sit amet, consetetur sadipscing elitr, sed diam.",
          "Lorem ipsum dolor sit amet, consetetur sadipscing elitr, sed diam nonumy eirmod tempor invidunt ut labore et dolore magna aliquyam erat, sed diam voluptua",
          "Lorem ipsum dolor sit amet, consetetur sadipscing elitr, sed diam."
        ],
        "Tags": [
          "light",
          "electricity"
        ]
      }
    ],
    "TeamMember": [
      {
        "Image": "http://www.clipbots.com/impact-network/uploads/partnerteam.png",
        "Name": "Doe Smith 1",
        "Degisnation": "Front-end Developer 1"
      },
      {
        "Image": "http://www.clipbots.com/impact-network/uploads/partnerteam.png",
        "Name": "Doe Smith 2",
        "Degisnation": "Front-end Developer 2"
      },
      {
        "Image": "http://www.clipbots.com/impact-network/uploads/partnerteam.png",
        "Name": "Doe Smith 3",
        "Degisnation": "Front-end Developer 3"
      }
    ]
  },
  "Fund_and_Risk": {
    "Funding_Round_Section": {
      "TotalNumber": "90",
      "Icon": "http://www.clipbots.com/impact-network/uploads/fundingrouteicon.png"
    },
    "Funding_Amount_Section": {
      "Amount": "64000.00",
      "Icon": "http://www.clipbots.com/impact-network/uploads/fundingamounticon.png"
    },
    "Source_of_Funding": {
      "Listing": [
        {
          "Label": "Self-Funding",
          "Amount": "50,000"
        },
        {
          "Label": "Soft-Bank",
          "Amount": "25,000,000"
        },
        {
          "Label": "Soft-Bank",
          "Amount": "25,000,000 "
        },
        {
          "Label": "Soft-Bank",
          "Amount": "25,000,000 "
        }
      ]
    },
    "Funding_rasing_over_the_period_of_time": {
      "GraphTitle": "Text",
      "GraphPlotting": [
        {
          "Year": "2016",
          "Amount": "40"
        },
        {
          "Year": "2017",
          "Amount": "20"
        },
        {
          "Year": "2018",
          "Amount": "60"
        },
        {
          "Year": "2019",
          "Amount": "40"
        }
      ]
    },
    "Notes_for_Investor": "Lorem ipsum dolor sit amet, consetetur sadipscing elitr, sed diam nonumy eirmod tempor invidunt ut labore et dolore. Lorem ipsum dolor sit amet, consetetur sadipscing elitr, sed diam nonumy eirmod tempor invidunt ut labore et dolore.  Lorem ipsum dolor sit amet, consetetur sadipscing elitr, sed diam nonumy eirmod tempor invidunt ut labore et dolore. Lorem ipsum dolor sit amet, consetetur sadipscing elitr,",
    "Sustainability": {
      "FinancialSustainability": "Lorem ipsum dolor sit amet, consetetur sadipscing elitr, sed diam nonumy eirmod tempor invidunt ut labore et dolore magna aliquyam erat, sed diam voluptua. At vero eos et accusam et justo duo dolores et ea rebum. Stet clita kasd gubergren, no sea takimata sanctus est Lorem ipsum dolor sit amet. ",
      "OpereationalSustainability": "Lorem ipsum dolor sit amet, consetetur sadipscing elitr, sed diam nonumy eirmod tempor invidunt ut labore et dolore magna aliquyam erat, sed diam voluptua. At vero eos et accusam et justo duo dolores et ea rebum. Stet clita kasd gubergren, no sea takimata sanctus est Lorem ipsum dolor sit amet. "
    },
    "Financial_Management": {
      "Listing": [
        {
          "Label": "Expense_Report.xlsx",
          "DownloadUrl": "http://www.clipbots.com/impact-network/uploads/fundingrouteicon.png"
        },
        {
          "Label": "Expense_Report.xlsxk",
          "DownloadUrl": "http://www.clipbots.com/impact-network/uploads/fundingrouteicon.png"
        },
        {
          "Label": "Expense_Report.xlsx",
          "DownloadUrl": "http://www.clipbots.com/impact-network/uploads/fundingrouteicon.png"
        },
        {
          "Label": "Expense_Report.xlsx",
          "DownloadUrl": "http://www.clipbots.com/impact-network/uploads/fundingrouteicon.png"
        }
      ]
    },
    "Financial_Management_Chart": {
      "CenterCircle": "PASTEL ANALYSIS",
      "Listing": [
        {
          "CircleText": "Economic"
        },
        {
          "CircleText": "Social"
        },
        {
          "CircleText": "Legal"
        },
        {
          "CircleText": "Environtal"
        },
        {
          "CircleText": "Technological"
        },
        {
          "CircleText": "Political"
        }
      ]
    }
  },
  "Communities_And_Impact": {
    "Community_Insights": "800",
    "List_of_Communities": [
      {
        "Community": {
          "Community_Basic_Info": [
            {
              "CountryName": "Brazil",
              "ShortName": "BR",
              "CountryIcons": "http://www.clipbots.com/impact-network/uploads/brazilflag.png",
              "Latitude": "39.52365",
              "Longitude": "-87.12502",
              "ListofItemsMultiplevalue":1, 
              "ListofItems": [
               {
                "Title":"Poverty",
                "Value":"50%"
               },
               {
                "Title":"Population",
                "Value":"500M"
               },
               {
                "Title":"Poverty",
                "Value":"150M"
               }
              ]
            }
          ]
          
        }
      },
      {
        "Community": {
          "Community_Basic_Info": [
            {
              "CountryName": "India",
              "ShortName": "IN",
              "CountryIcons": "http://www.clipbots.com/impact-network/uploads/brazilflag.png",
              "Latitude": "20.5937",
              "Longitude": "78.9629",
              "ListofItemsMultiplevalue":3, 
              "ListofItems": [
               {
                "Title":"Poverty",
                "Value":"45%"
               },
               {
                "Title":"Population",
                "Value":"600M"
               },
               {
                "Title":"Poverty",
                "Value":"250M"
               }
              ]
            }
          ]
          
        }
      }
    ],
     "Investment_Bottom_Block": {
            "Listing": [
              {
                "Label": "Text 1",
                "Value": "136"
              },
              {
                "Label": "Text 2",
                "Value": "197"
              },
              {
                "Label": "Text 3",
                "Value": "147"
              }
            ]
          },
    "Social_Returns_Bottom_Block":{ 
            "Output": 
              [ 
               {
              "Output_Definition": "Total Lightbulbs Installed",
              "Value": "350",
              "Measurable_Outcomes":{

                  "Listing": [
                  {
                   "Outcome_Definition": "Kerosene saved",
                    "Value": "100",
                    "Quantified_multiplication_value": "10",
                        "Impact_calculation_formula": {
                          "function": "Javascript function",
                          "Description": "Decription of the Formula"
                        }
                      },
                  {
                   "Outcome_Definition":"Improved Productivity",
                   "Value": "100",
                    "Quantified_multiplication_value": "10",
                        "Impact_calculation_formula": {
                          "function": "Javascript function",
                          "Description": "Decription of the Formula"
                        }
                  },
                  {
                   "Outcome_Definition": "Increase In Volume",
                    "Value": "100",
                    "Quantified_multiplication_value": "10",
                        "Impact_calculation_formula": {
                          "function": "Javascript function",
                          "Description": "Decription of the Formula"
                        }
                    }    
                  ]
              }, 
             
                "Shown_by_default": "TRUE"
              },
               {
              "Output_Definition": "Total Lightbulbs Installed",
              "Value": "350",
              "Measurable_Outcomes":{

                  "Listing": [
                  {
                   "Outcome_Definition": "Kerosene saved",
                    "Value": "100",
                    "Quantified_multiplication_value": "10",
                        "Impact_calculation_formula": {
                          "function": "Javascript function",
                          "Description": "Decription of the Formula"
                        }
                      },
                  {
                   "Outcome_Definition":"Improved Productivity",
                   "Value": "100",
                    "Quantified_multiplication_value": "10",
                        "Impact_calculation_formula": {
                          "function": "Javascript function",
                          "Description": "Decription of the Formula"
                        }
                  },
                  {
                   "Outcome_Definition": "Increase In Volume",
                    "Value": "100",
                    "Quantified_multiplication_value": "10",
                        "Impact_calculation_formula": {
                          "function": "Javascript function",
                          "Description": "Decription of the Formula"
                        }
                    }    
                  ]
              }, 
             
                "Shown_by_default": "FALSE"
              },
               {
              "Output_Definition": "Total Lightbulbs Installed",
              "Value": "350",
              "Measurable_Outcomes":{

                  "Listing": [
                  {
                   "Outcome_Definition": "Kerosene saved",
                    "Value": "100",
                    "Quantified_multiplication_value": "10",
                        "Impact_calculation_formula": {
                          "function": "Javascript function",
                          "Description": "Decription of the Formula"
                        }
                      },
                  {
                   "Outcome_Definition":"Improved Productivity",
                   "Value": "100",
                    "Quantified_multiplication_value": "10",
                        "Impact_calculation_formula": {
                          "function": "Javascript function",
                          "Description": "Decription of the Formula"
                        }
                  },
                  {
                   "Outcome_Definition": "Increase In Volume",
                    "Value": "100",
                    "Quantified_multiplication_value": "10",
                        "Impact_calculation_formula": {
                          "function": "Javascript function",
                          "Description": "Decription of the Formula"
                        }
                    }    
                  ]
              }, 
             
                "Shown_by_default": "FALSE"
              }
              ]
          },
    "Impact_Reports": {
      "Listing": [
        {
          "Label": "Attachment",
          "DownloadUrl": "http://www.africau.edu/images/default/sample.pdf"
        },
        {
          "Label": "Attachment",
          "DownloadUrl": "http://www.africau.edu/images/default/sample.pdf"
        },
        {
          "Label": "Attachment",
          "DownloadUrl": "http://www.africau.edu/images/default/sample.pdf"
        }
      ]
    }
  }
}